{
    "lambda": 0.0031622792428879563,
    "init": null,
    "maxit": 5000,
    "reltol": 1e-07,
    "score": 5.098828612922446,
    "message": "CONVERGENCE: REL_REDUCTION_OF_F_<=_FACTR*EPSMCH",
    "status": 0,
    "nit": 81
}