{
    "lambda": 0.0074989449101138085,
    "init": null,
    "maxit": 5000,
    "reltol": 1e-07,
    "score": 5.174311103224883,
    "message": "CONVERGENCE: REL_REDUCTION_OF_F_<=_FACTR*EPSMCH",
    "status": 0,
    "nit": 193
}