dataset,essmin,essmedian,essmax,rhatmin,rhatmedian,rhatmax,nsteps
LUAD,1190.78,5702.39,10873.37,0.99971,1.00106,1.00970,146400
COAD,1034.83,4359.84,9662.62,0.99992,1.00134,1.00997,108800
